[{"@type":"mappingTemplate","id":"@1","name":"Mapping_RESTV2","description":"","bundleVersion":"0","assetFrsGuid":"kQY4UfNlGutllGxd0pyzGA","templateId":"@3","hasParameters":false,"valid":true,"fixedConnection":true,"hasParametersDeployed":false,"fixedConnectionDeployed":false,"isSchemaValidationEnabled":false,"tasks":0,"mappingPreviewFileRecordId":"@2","documentType":"MAPPING","references":[{"@type":"reference","refObjectId":"@j2pP09wmsglbzRBaQv2cKr","refType":"connection"},{"@type":"reference","refObjectId":"@6eSwKzgEHpdb4AZMB5YJaS","refType":"connection"}]}]